#,"",PowerLineFrequency,SoftwareFilters,EEGPlacementScheme,EEGReference,CapManufacturer,TaskName,EEGChannelCount,RecordingType,RecordingDuration,SamplingFrequency,EOGChannelCount,ECGChannelCount,EMGChannelCount
1,0,60,{'Description': 'N/A'},10-10,Left or right ear lobe,"Electro-Cap International, Inc.",motion,64,continuous,125,160,0,0,0
2,1,60,{'Description': 'N/A'},10-10,Left or right ear lobe,"Electro-Cap International, Inc.",motion,64,continuous,125,160,0,0,0
3,2,60,{'Description': 'N/A'},10-10,Left or right ear lobe,"Electro-Cap International, Inc.",motion,64,continuous,125,160,0,0,0
4,3,60,{'Description': 'N/A'},10-10,Left or right ear lobe,"Electro-Cap International, Inc.",motion,64,continuous,125,160,0,0,0
5,4,60,{'Description': 'N/A'},10-10,Left or right ear lobe,"Electro-Cap International, Inc.",motion,64,continuous,125,160,0,0,0
6,5,60,{'Description': 'N/A'},10-10,Left or right ear lobe,"Electro-Cap International, Inc.",motion,64,continuous,123,160,0,0,0
7,6,60,{'Description': 'N/A'},10-10,Left or right ear lobe,"Electro-Cap International, Inc.",motion,64,continuous,123,160,0,0,0
8,7,60,{'Description': 'N/A'},10-10,Left or right ear lobe,"Electro-Cap International, Inc.",motion,64,continuous,123,160,0,0,0
9,8,60,{'Description': 'N/A'},10-10,Left or right ear lobe,"Electro-Cap International, Inc.",motion,64,continuous,123,160,0,0,0
10,9,60,{'Description': 'N/A'},10-10,Left or right ear lobe,"Electro-Cap International, Inc.",motion,64,continuous,123,160,0,0,0
11,10,60,{'Description': 'N/A'},10-10,Left or right ear lobe,"Electro-Cap International, Inc.",motion,64,continuous,125,160,0,0,0
12,11,60,{'Description': 'N/A'},10-10,Left or right ear lobe,"Electro-Cap International, Inc.",motion,64,continuous,125,160,0,0,0
13,12,60,{'Description': 'N/A'},10-10,Left or right ear lobe,"Electro-Cap International, Inc.",motion,64,continuous,125,160,0,0,0
14,13,60,{'Description': 'N/A'},10-10,Left or right ear lobe,"Electro-Cap International, Inc.",motion,64,continuous,125,160,0,0,0
15,14,60,{'Description': 'N/A'},10-10,Left or right ear lobe,"Electro-Cap International, Inc.",motion,64,continuous,125,160,0,0,0
16,15,60,{'Description': 'N/A'},10-10,Left or right ear lobe,"Electro-Cap International, Inc.",motion,64,continuous,123,160,0,0,0
17,16,60,{'Description': 'N/A'},10-10,Left or right ear lobe,"Electro-Cap International, Inc.",motion,64,continuous,123,160,0,0,0
18,17,60,{'Description': 'N/A'},10-10,Left or right ear lobe,"Electro-Cap International, Inc.",motion,64,continuous,123,160,0,0,0
19,18,60,{'Description': 'N/A'},10-10,Left or right ear lobe,"Electro-Cap International, Inc.",motion,64,continuous,123,160,0,0,0
20,19,60,{'Description': 'N/A'},10-10,Left or right ear lobe,"Electro-Cap International, Inc.",motion,64,continuous,123,160,0,0,0
21,20,60,{'Description': 'N/A'},10-10,Left or right ear lobe,"Electro-Cap International, Inc.",motion,64,continuous,123,160,0,0,0
22,21,60,{'Description': 'N/A'},10-10,Left or right ear lobe,"Electro-Cap International, Inc.",motion,64,continuous,123,160,0,0,0
23,22,60,{'Description': 'N/A'},10-10,Left or right ear lobe,"Electro-Cap International, Inc.",motion,64,continuous,123,160,0,0,0
24,23,60,{'Description': 'N/A'},10-10,Left or right ear lobe,"Electro-Cap International, Inc.",motion,64,continuous,123,160,0,0,0
25,24,60,{'Description': 'N/A'},10-10,Left or right ear lobe,"Electro-Cap International, Inc.",motion,64,continuous,123,160,0,0,0
26,25,60,{'Description': 'N/A'},10-10,Left or right ear lobe,"Electro-Cap International, Inc.",motion,64,continuous,123,160,0,0,0
27,26,60,{'Description': 'N/A'},10-10,Left or right ear lobe,"Electro-Cap International, Inc.",motion,64,continuous,123,160,0,0,0
28,27,60,{'Description': 'N/A'},10-10,Left or right ear lobe,"Electro-Cap International, Inc.",motion,64,continuous,123,160,0,0,0
29,28,60,{'Description': 'N/A'},10-10,Left or right ear lobe,"Electro-Cap International, Inc.",motion,64,continuous,123,160,0,0,0
30,29,60,{'Description': 'N/A'},10-10,Left or right ear lobe,"Electro-Cap International, Inc.",motion,64,continuous,123,160,0,0,0
31,30,60,{'Description': 'N/A'},10-10,Left or right ear lobe,"Electro-Cap International, Inc.",motion,64,continuous,125,160,0,0,0
32,31,60,{'Description': 'N/A'},10-10,Left or right ear lobe,"Electro-Cap International, Inc.",motion,64,continuous,125,160,0,0,0
33,32,60,{'Description': 'N/A'},10-10,Left or right ear lobe,"Electro-Cap International, Inc.",motion,64,continuous,125,160,0,0,0
34,33,60,{'Description': 'N/A'},10-10,Left or right ear lobe,"Electro-Cap International, Inc.",motion,64,continuous,125,160,0,0,0
35,34,60,{'Description': 'N/A'},10-10,Left or right ear lobe,"Electro-Cap International, Inc.",motion,64,continuous,125,160,0,0,0
36,35,60,{'Description': 'N/A'},10-10,Left or right ear lobe,"Electro-Cap International, Inc.",motion,64,continuous,123,160,0,0,0
37,36,60,{'Description': 'N/A'},10-10,Left or right ear lobe,"Electro-Cap International, Inc.",motion,64,continuous,123,160,0,0,0
38,37,60,{'Description': 'N/A'},10-10,Left or right ear lobe,"Electro-Cap International, Inc.",motion,64,continuous,123,160,0,0,0
39,38,60,{'Description': 'N/A'},10-10,Left or right ear lobe,"Electro-Cap International, Inc.",motion,64,continuous,123,160,0,0,0
40,39,60,{'Description': 'N/A'},10-10,Left or right ear lobe,"Electro-Cap International, Inc.",motion,64,continuous,123,160,0,0,0
41,40,60,{'Description': 'N/A'},10-10,Left or right ear lobe,"Electro-Cap International, Inc.",motion,64,continuous,123,160,0,0,0
42,41,60,{'Description': 'N/A'},10-10,Left or right ear lobe,"Electro-Cap International, Inc.",motion,64,continuous,123,160,0,0,0
43,42,60,{'Description': 'N/A'},10-10,Left or right ear lobe,"Electro-Cap International, Inc.",motion,64,continuous,123,160,0,0,0
44,43,60,{'Description': 'N/A'},10-10,Left or right ear lobe,"Electro-Cap International, Inc.",motion,64,continuous,123,160,0,0,0
45,44,60,{'Description': 'N/A'},10-10,Left or right ear lobe,"Electro-Cap International, Inc.",motion,64,continuous,123,160,0,0,0
46,45,60,{'Description': 'N/A'},10-10,Left or right ear lobe,"Electro-Cap International, Inc.",motion,64,continuous,123,160,0,0,0
47,46,60,{'Description': 'N/A'},10-10,Left or right ear lobe,"Electro-Cap International, Inc.",motion,64,continuous,123,160,0,0,0
48,47,60,{'Description': 'N/A'},10-10,Left or right ear lobe,"Electro-Cap International, Inc.",motion,64,continuous,123,160,0,0,0
49,48,60,{'Description': 'N/A'},10-10,Left or right ear lobe,"Electro-Cap International, Inc.",motion,64,continuous,123,160,0,0,0
50,49,60,{'Description': 'N/A'},10-10,Left or right ear lobe,"Electro-Cap International, Inc.",motion,64,continuous,123,160,0,0,0
51,50,60,{'Description': 'N/A'},10-10,Left or right ear lobe,"Electro-Cap International, Inc.",motion,64,continuous,123,160,0,0,0
52,51,60,{'Description': 'N/A'},10-10,Left or right ear lobe,"Electro-Cap International, Inc.",motion,64,continuous,123,160,0,0,0
53,52,60,{'Description': 'N/A'},10-10,Left or right ear lobe,"Electro-Cap International, Inc.",motion,64,continuous,123,160,0,0,0
54,53,60,{'Description': 'N/A'},10-10,Left or right ear lobe,"Electro-Cap International, Inc.",motion,64,continuous,123,160,0,0,0
55,54,60,{'Description': 'N/A'},10-10,Left or right ear lobe,"Electro-Cap International, Inc.",motion,64,continuous,123,160,0,0,0
56,55,60,{'Description': 'N/A'},10-10,Left or right ear lobe,"Electro-Cap International, Inc.",motion,64,continuous,123,160,0,0,0
57,56,60,{'Description': 'N/A'},10-10,Left or right ear lobe,"Electro-Cap International, Inc.",motion,64,continuous,123,160,0,0,0
58,57,60,{'Description': 'N/A'},10-10,Left or right ear lobe,"Electro-Cap International, Inc.",motion,64,continuous,123,160,0,0,0
59,58,60,{'Description': 'N/A'},10-10,Left or right ear lobe,"Electro-Cap International, Inc.",motion,64,continuous,123,160,0,0,0
60,59,60,{'Description': 'N/A'},10-10,Left or right ear lobe,"Electro-Cap International, Inc.",motion,64,continuous,123,160,0,0,0
61,60,60,{'Description': 'N/A'},10-10,Left or right ear lobe,"Electro-Cap International, Inc.",motion,64,continuous,123,160,0,0,0
62,61,60,{'Description': 'N/A'},10-10,Left or right ear lobe,"Electro-Cap International, Inc.",motion,64,continuous,123,160,0,0,0
63,62,60,{'Description': 'N/A'},10-10,Left or right ear lobe,"Electro-Cap International, Inc.",motion,64,continuous,123,160,0,0,0
64,63,60,{'Description': 'N/A'},10-10,Left or right ear lobe,"Electro-Cap International, Inc.",motion,64,continuous,123,160,0,0,0
65,64,60,{'Description': 'N/A'},10-10,Left or right ear lobe,"Electro-Cap International, Inc.",motion,64,continuous,123,160,0,0,0
66,65,60,{'Description': 'N/A'},10-10,Left or right ear lobe,"Electro-Cap International, Inc.",motion,64,continuous,123,160,0,0,0
67,66,60,{'Description': 'N/A'},10-10,Left or right ear lobe,"Electro-Cap International, Inc.",motion,64,continuous,123,160,0,0,0
68,67,60,{'Description': 'N/A'},10-10,Left or right ear lobe,"Electro-Cap International, Inc.",motion,64,continuous,123,160,0,0,0
69,68,60,{'Description': 'N/A'},10-10,Left or right ear lobe,"Electro-Cap International, Inc.",motion,64,continuous,123,160,0,0,0
70,69,60,{'Description': 'N/A'},10-10,Left or right ear lobe,"Electro-Cap International, Inc.",motion,64,continuous,123,160,0,0,0
71,70,60,{'Description': 'N/A'},10-10,Left or right ear lobe,"Electro-Cap International, Inc.",motion,64,continuous,123,160,0,0,0
72,71,60,{'Description': 'N/A'},10-10,Left or right ear lobe,"Electro-Cap International, Inc.",motion,64,continuous,123,160,0,0,0
73,72,60,{'Description': 'N/A'},10-10,Left or right ear lobe,"Electro-Cap International, Inc.",motion,64,continuous,123,160,0,0,0
74,73,60,{'Description': 'N/A'},10-10,Left or right ear lobe,"Electro-Cap International, Inc.",motion,64,continuous,123,160,0,0,0
75,74,60,{'Description': 'N/A'},10-10,Left or right ear lobe,"Electro-Cap International, Inc.",motion,64,continuous,123,160,0,0,0
76,75,60,{'Description': 'N/A'},10-10,Left or right ear lobe,"Electro-Cap International, Inc.",motion,64,continuous,123,160,0,0,0
77,76,60,{'Description': 'N/A'},10-10,Left or right ear lobe,"Electro-Cap International, Inc.",motion,64,continuous,123,160,0,0,0
78,77,60,{'Description': 'N/A'},10-10,Left or right ear lobe,"Electro-Cap International, Inc.",motion,64,continuous,123,160,0,0,0
79,78,60,{'Description': 'N/A'},10-10,Left or right ear lobe,"Electro-Cap International, Inc.",motion,64,continuous,123,160,0,0,0
80,79,60,{'Description': 'N/A'},10-10,Left or right ear lobe,"Electro-Cap International, Inc.",motion,64,continuous,123,160,0,0,0
81,80,60,{'Description': 'N/A'},10-10,Left or right ear lobe,"Electro-Cap International, Inc.",motion,64,continuous,123,160,0,0,0
82,81,60,{'Description': 'N/A'},10-10,Left or right ear lobe,"Electro-Cap International, Inc.",motion,64,continuous,123,160,0,0,0
83,82,60,{'Description': 'N/A'},10-10,Left or right ear lobe,"Electro-Cap International, Inc.",motion,64,continuous,123,160,0,0,0
84,83,60,{'Description': 'N/A'},10-10,Left or right ear lobe,"Electro-Cap International, Inc.",motion,64,continuous,123,160,0,0,0
85,84,60,{'Description': 'N/A'},10-10,Left or right ear lobe,"Electro-Cap International, Inc.",motion,64,continuous,123,160,0,0,0
86,85,60,{'Description': 'N/A'},10-10,Left or right ear lobe,"Electro-Cap International, Inc.",motion,64,continuous,123,160,0,0,0
87,86,60,{'Description': 'N/A'},10-10,Left or right ear lobe,"Electro-Cap International, Inc.",motion,64,continuous,123,160,0,0,0
88,87,60,{'Description': 'N/A'},10-10,Left or right ear lobe,"Electro-Cap International, Inc.",motion,64,continuous,123,160,0,0,0
89,88,60,{'Description': 'N/A'},10-10,Left or right ear lobe,"Electro-Cap International, Inc.",motion,64,continuous,123,160,0,0,0
90,89,60,{'Description': 'N/A'},10-10,Left or right ear lobe,"Electro-Cap International, Inc.",motion,64,continuous,123,160,0,0,0
91,90,60,{'Description': 'N/A'},10-10,Left or right ear lobe,"Electro-Cap International, Inc.",motion,64,continuous,123,160,0,0,0
92,91,60,{'Description': 'N/A'},10-10,Left or right ear lobe,"Electro-Cap International, Inc.",motion,64,continuous,123,160,0,0,0
93,92,60,{'Description': 'N/A'},10-10,Left or right ear lobe,"Electro-Cap International, Inc.",motion,64,continuous,123,160,0,0,0
94,93,60,{'Description': 'N/A'},10-10,Left or right ear lobe,"Electro-Cap International, Inc.",motion,64,continuous,123,160,0,0,0
95,94,60,{'Description': 'N/A'},10-10,Left or right ear lobe,"Electro-Cap International, Inc.",motion,64,continuous,123,160,0,0,0
96,95,60,{'Description': 'N/A'},10-10,Left or right ear lobe,"Electro-Cap International, Inc.",motion,64,continuous,123,160,0,0,0
97,96,60,{'Description': 'N/A'},10-10,Left or right ear lobe,"Electro-Cap International, Inc.",motion,64,continuous,123,160,0,0,0
98,97,60,{'Description': 'N/A'},10-10,Left or right ear lobe,"Electro-Cap International, Inc.",motion,64,continuous,123,160,0,0,0
99,98,60,{'Description': 'N/A'},10-10,Left or right ear lobe,"Electro-Cap International, Inc.",motion,64,continuous,123,160,0,0,0
100,99,60,{'Description': 'N/A'},10-10,Left or right ear lobe,"Electro-Cap International, Inc.",motion,64,continuous,123,160,0,0,0
101,100,60,{'Description': 'N/A'},10-10,Left or right ear lobe,"Electro-Cap International, Inc.",motion,64,continuous,125,160,0,0,0
102,101,60,{'Description': 'N/A'},10-10,Left or right ear lobe,"Electro-Cap International, Inc.",motion,64,continuous,125,160,0,0,0
103,102,60,{'Description': 'N/A'},10-10,Left or right ear lobe,"Electro-Cap International, Inc.",motion,64,continuous,125,160,0,0,0
104,103,60,{'Description': 'N/A'},10-10,Left or right ear lobe,"Electro-Cap International, Inc.",motion,64,continuous,125,160,0,0,0
105,104,60,{'Description': 'N/A'},10-10,Left or right ear lobe,"Electro-Cap International, Inc.",motion,64,continuous,125,160,0,0,0
106,105,60,{'Description': 'N/A'},10-10,Left or right ear lobe,"Electro-Cap International, Inc.",motion,64,continuous,125,160,0,0,0
107,106,60,{'Description': 'N/A'},10-10,Left or right ear lobe,"Electro-Cap International, Inc.",motion,64,continuous,125,160,0,0,0
108,107,60,{'Description': 'N/A'},10-10,Left or right ear lobe,"Electro-Cap International, Inc.",motion,64,continuous,125,160,0,0,0
109,108,60,{'Description': 'N/A'},10-10,Left or right ear lobe,"Electro-Cap International, Inc.",motion,64,continuous,125,160,0,0,0
110,109,60,{'Description': 'N/A'},10-10,Left or right ear lobe,"Electro-Cap International, Inc.",motion,64,continuous,125,160,0,0,0
111,110,60,{'Description': 'N/A'},10-10,Left or right ear lobe,"Electro-Cap International, Inc.",motion,64,continuous,123,160,0,0,0
112,111,60,{'Description': 'N/A'},10-10,Left or right ear lobe,"Electro-Cap International, Inc.",motion,64,continuous,123,160,0,0,0
113,112,60,{'Description': 'N/A'},10-10,Left or right ear lobe,"Electro-Cap International, Inc.",motion,64,continuous,123,160,0,0,0
114,113,60,{'Description': 'N/A'},10-10,Left or right ear lobe,"Electro-Cap International, Inc.",motion,64,continuous,123,160,0,0,0
115,114,60,{'Description': 'N/A'},10-10,Left or right ear lobe,"Electro-Cap International, Inc.",motion,64,continuous,123,160,0,0,0
116,115,60,{'Description': 'N/A'},10-10,Left or right ear lobe,"Electro-Cap International, Inc.",motion,64,continuous,123,160,0,0,0
117,116,60,{'Description': 'N/A'},10-10,Left or right ear lobe,"Electro-Cap International, Inc.",motion,64,continuous,123,160,0,0,0
118,117,60,{'Description': 'N/A'},10-10,Left or right ear lobe,"Electro-Cap International, Inc.",motion,64,continuous,123,160,0,0,0
119,118,60,{'Description': 'N/A'},10-10,Left or right ear lobe,"Electro-Cap International, Inc.",motion,64,continuous,123,160,0,0,0
120,119,60,{'Description': 'N/A'},10-10,Left or right ear lobe,"Electro-Cap International, Inc.",motion,64,continuous,123,160,0,0,0
121,120,60,{'Description': 'N/A'},10-10,Left or right ear lobe,"Electro-Cap International, Inc.",motion,64,continuous,123,160,0,0,0
122,121,60,{'Description': 'N/A'},10-10,Left or right ear lobe,"Electro-Cap International, Inc.",motion,64,continuous,123,160,0,0,0
123,122,60,{'Description': 'N/A'},10-10,Left or right ear lobe,"Electro-Cap International, Inc.",motion,64,continuous,123,160,0,0,0
124,123,60,{'Description': 'N/A'},10-10,Left or right ear lobe,"Electro-Cap International, Inc.",motion,64,continuous,123,160,0,0,0
125,124,60,{'Description': 'N/A'},10-10,Left or right ear lobe,"Electro-Cap International, Inc.",motion,64,continuous,123,160,0,0,0
126,125,60,{'Description': 'N/A'},10-10,Left or right ear lobe,"Electro-Cap International, Inc.",motion,64,continuous,123,160,0,0,0
127,126,60,{'Description': 'N/A'},10-10,Left or right ear lobe,"Electro-Cap International, Inc.",motion,64,continuous,123,160,0,0,0
128,127,60,{'Description': 'N/A'},10-10,Left or right ear lobe,"Electro-Cap International, Inc.",motion,64,continuous,123,160,0,0,0
129,128,60,{'Description': 'N/A'},10-10,Left or right ear lobe,"Electro-Cap International, Inc.",motion,64,continuous,123,160,0,0,0
130,129,60,{'Description': 'N/A'},10-10,Left or right ear lobe,"Electro-Cap International, Inc.",motion,64,continuous,123,160,0,0,0
131,130,60,{'Description': 'N/A'},10-10,Left or right ear lobe,"Electro-Cap International, Inc.",motion,64,continuous,123,160,0,0,0
132,131,60,{'Description': 'N/A'},10-10,Left or right ear lobe,"Electro-Cap International, Inc.",motion,64,continuous,123,160,0,0,0
133,132,60,{'Description': 'N/A'},10-10,Left or right ear lobe,"Electro-Cap International, Inc.",motion,64,continuous,123,160,0,0,0
134,133,60,{'Description': 'N/A'},10-10,Left or right ear lobe,"Electro-Cap International, Inc.",motion,64,continuous,123,160,0,0,0
135,134,60,{'Description': 'N/A'},10-10,Left or right ear lobe,"Electro-Cap International, Inc.",motion,64,continuous,123,160,0,0,0
136,135,60,{'Description': 'N/A'},10-10,Left or right ear lobe,"Electro-Cap International, Inc.",motion,64,continuous,123,160,0,0,0
137,136,60,{'Description': 'N/A'},10-10,Left or right ear lobe,"Electro-Cap International, Inc.",motion,64,continuous,123,160,0,0,0
138,137,60,{'Description': 'N/A'},10-10,Left or right ear lobe,"Electro-Cap International, Inc.",motion,64,continuous,123,160,0,0,0
139,138,60,{'Description': 'N/A'},10-10,Left or right ear lobe,"Electro-Cap International, Inc.",motion,64,continuous,123,160,0,0,0
140,139,60,{'Description': 'N/A'},10-10,Left or right ear lobe,"Electro-Cap International, Inc.",motion,64,continuous,123,160,0,0,0
141,140,60,{'Description': 'N/A'},10-10,Left or right ear lobe,"Electro-Cap International, Inc.",motion,64,continuous,124,160,0,0,0
142,141,60,{'Description': 'N/A'},10-10,Left or right ear lobe,"Electro-Cap International, Inc.",motion,64,continuous,124,160,0,0,0
143,142,60,{'Description': 'N/A'},10-10,Left or right ear lobe,"Electro-Cap International, Inc.",motion,64,continuous,124,160,0,0,0
144,143,60,{'Description': 'N/A'},10-10,Left or right ear lobe,"Electro-Cap International, Inc.",motion,64,continuous,124,160,0,0,0
145,144,60,{'Description': 'N/A'},10-10,Left or right ear lobe,"Electro-Cap International, Inc.",motion,64,continuous,124,160,0,0,0
146,145,60,{'Description': 'N/A'},10-10,Left or right ear lobe,"Electro-Cap International, Inc.",motion,64,continuous,124,160,0,0,0
147,146,60,{'Description': 'N/A'},10-10,Left or right ear lobe,"Electro-Cap International, Inc.",motion,64,continuous,124,160,0,0,0
148,147,60,{'Description': 'N/A'},10-10,Left or right ear lobe,"Electro-Cap International, Inc.",motion,64,continuous,124,160,0,0,0
149,148,60,{'Description': 'N/A'},10-10,Left or right ear lobe,"Electro-Cap International, Inc.",motion,64,continuous,124,160,0,0,0
150,149,60,{'Description': 'N/A'},10-10,Left or right ear lobe,"Electro-Cap International, Inc.",motion,64,continuous,124,160,0,0,0
151,150,60,{'Description': 'N/A'},10-10,Left or right ear lobe,"Electro-Cap International, Inc.",motion,64,continuous,123,160,0,0,0
152,151,60,{'Description': 'N/A'},10-10,Left or right ear lobe,"Electro-Cap International, Inc.",motion,64,continuous,123,160,0,0,0
153,152,60,{'Description': 'N/A'},10-10,Left or right ear lobe,"Electro-Cap International, Inc.",motion,64,continuous,123,160,0,0,0
154,153,60,{'Description': 'N/A'},10-10,Left or right ear lobe,"Electro-Cap International, Inc.",motion,64,continuous,123,160,0,0,0
155,154,60,{'Description': 'N/A'},10-10,Left or right ear lobe,"Electro-Cap International, Inc.",motion,64,continuous,123,160,0,0,0
156,155,60,{'Description': 'N/A'},10-10,Left or right ear lobe,"Electro-Cap International, Inc.",motion,64,continuous,125,160,0,0,0
157,156,60,{'Description': 'N/A'},10-10,Left or right ear lobe,"Electro-Cap International, Inc.",motion,64,continuous,125,160,0,0,0
158,157,60,{'Description': 'N/A'},10-10,Left or right ear lobe,"Electro-Cap International, Inc.",motion,64,continuous,125,160,0,0,0
159,158,60,{'Description': 'N/A'},10-10,Left or right ear lobe,"Electro-Cap International, Inc.",motion,64,continuous,125,160,0,0,0
160,159,60,{'Description': 'N/A'},10-10,Left or right ear lobe,"Electro-Cap International, Inc.",motion,64,continuous,125,160,0,0,0
161,160,60,{'Description': 'N/A'},10-10,Left or right ear lobe,"Electro-Cap International, Inc.",motion,64,continuous,123,160,0,0,0
162,161,60,{'Description': 'N/A'},10-10,Left or right ear lobe,"Electro-Cap International, Inc.",motion,64,continuous,123,160,0,0,0
163,162,60,{'Description': 'N/A'},10-10,Left or right ear lobe,"Electro-Cap International, Inc.",motion,64,continuous,123,160,0,0,0
164,163,60,{'Description': 'N/A'},10-10,Left or right ear lobe,"Electro-Cap International, Inc.",motion,64,continuous,123,160,0,0,0
165,164,60,{'Description': 'N/A'},10-10,Left or right ear lobe,"Electro-Cap International, Inc.",motion,64,continuous,123,160,0,0,0
166,165,60,{'Description': 'N/A'},10-10,Left or right ear lobe,"Electro-Cap International, Inc.",motion,64,continuous,123,160,0,0,0
167,166,60,{'Description': 'N/A'},10-10,Left or right ear lobe,"Electro-Cap International, Inc.",motion,64,continuous,123,160,0,0,0
168,167,60,{'Description': 'N/A'},10-10,Left or right ear lobe,"Electro-Cap International, Inc.",motion,64,continuous,123,160,0,0,0
169,168,60,{'Description': 'N/A'},10-10,Left or right ear lobe,"Electro-Cap International, Inc.",motion,64,continuous,123,160,0,0,0
170,169,60,{'Description': 'N/A'},10-10,Left or right ear lobe,"Electro-Cap International, Inc.",motion,64,continuous,123,160,0,0,0
171,170,60,{'Description': 'N/A'},10-10,Left or right ear lobe,"Electro-Cap International, Inc.",motion,64,continuous,125,160,0,0,0
172,171,60,{'Description': 'N/A'},10-10,Left or right ear lobe,"Electro-Cap International, Inc.",motion,64,continuous,125,160,0,0,0
173,172,60,{'Description': 'N/A'},10-10,Left or right ear lobe,"Electro-Cap International, Inc.",motion,64,continuous,125,160,0,0,0
174,173,60,{'Description': 'N/A'},10-10,Left or right ear lobe,"Electro-Cap International, Inc.",motion,64,continuous,125,160,0,0,0
175,174,60,{'Description': 'N/A'},10-10,Left or right ear lobe,"Electro-Cap International, Inc.",motion,64,continuous,125,160,0,0,0
176,175,60,{'Description': 'N/A'},10-10,Left or right ear lobe,"Electro-Cap International, Inc.",motion,64,continuous,123,160,0,0,0
177,176,60,{'Description': 'N/A'},10-10,Left or right ear lobe,"Electro-Cap International, Inc.",motion,64,continuous,123,160,0,0,0
178,177,60,{'Description': 'N/A'},10-10,Left or right ear lobe,"Electro-Cap International, Inc.",motion,64,continuous,123,160,0,0,0
179,178,60,{'Description': 'N/A'},10-10,Left or right ear lobe,"Electro-Cap International, Inc.",motion,64,continuous,123,160,0,0,0
180,179,60,{'Description': 'N/A'},10-10,Left or right ear lobe,"Electro-Cap International, Inc.",motion,64,continuous,123,160,0,0,0
181,180,60,{'Description': 'N/A'},10-10,Left or right ear lobe,"Electro-Cap International, Inc.",motion,64,continuous,123,160,0,0,0
182,181,60,{'Description': 'N/A'},10-10,Left or right ear lobe,"Electro-Cap International, Inc.",motion,64,continuous,123,160,0,0,0
183,182,60,{'Description': 'N/A'},10-10,Left or right ear lobe,"Electro-Cap International, Inc.",motion,64,continuous,123,160,0,0,0
184,183,60,{'Description': 'N/A'},10-10,Left or right ear lobe,"Electro-Cap International, Inc.",motion,64,continuous,123,160,0,0,0
185,184,60,{'Description': 'N/A'},10-10,Left or right ear lobe,"Electro-Cap International, Inc.",motion,64,continuous,123,160,0,0,0
186,185,60,{'Description': 'N/A'},10-10,Left or right ear lobe,"Electro-Cap International, Inc.",motion,64,continuous,123,160,0,0,0
187,186,60,{'Description': 'N/A'},10-10,Left or right ear lobe,"Electro-Cap International, Inc.",motion,64,continuous,123,160,0,0,0
188,187,60,{'Description': 'N/A'},10-10,Left or right ear lobe,"Electro-Cap International, Inc.",motion,64,continuous,123,160,0,0,0
189,188,60,{'Description': 'N/A'},10-10,Left or right ear lobe,"Electro-Cap International, Inc.",motion,64,continuous,123,160,0,0,0
190,189,60,{'Description': 'N/A'},10-10,Left or right ear lobe,"Electro-Cap International, Inc.",motion,64,continuous,123,160,0,0,0
191,190,60,{'Description': 'N/A'},10-10,Left or right ear lobe,"Electro-Cap International, Inc.",motion,64,continuous,123,160,0,0,0
192,191,60,{'Description': 'N/A'},10-10,Left or right ear lobe,"Electro-Cap International, Inc.",motion,64,continuous,123,160,0,0,0
193,192,60,{'Description': 'N/A'},10-10,Left or right ear lobe,"Electro-Cap International, Inc.",motion,64,continuous,123,160,0,0,0
194,193,60,{'Description': 'N/A'},10-10,Left or right ear lobe,"Electro-Cap International, Inc.",motion,64,continuous,123,160,0,0,0
195,194,60,{'Description': 'N/A'},10-10,Left or right ear lobe,"Electro-Cap International, Inc.",motion,64,continuous,123,160,0,0,0
196,195,60,{'Description': 'N/A'},10-10,Left or right ear lobe,"Electro-Cap International, Inc.",motion,64,continuous,123,160,0,0,0
197,196,60,{'Description': 'N/A'},10-10,Left or right ear lobe,"Electro-Cap International, Inc.",motion,64,continuous,123,160,0,0,0
198,197,60,{'Description': 'N/A'},10-10,Left or right ear lobe,"Electro-Cap International, Inc.",motion,64,continuous,123,160,0,0,0
199,198,60,{'Description': 'N/A'},10-10,Left or right ear lobe,"Electro-Cap International, Inc.",motion,64,continuous,123,160,0,0,0
200,199,60,{'Description': 'N/A'},10-10,Left or right ear lobe,"Electro-Cap International, Inc.",motion,64,continuous,123,160,0,0,0
201,200,60,{'Description': 'N/A'},10-10,Left or right ear lobe,"Electro-Cap International, Inc.",motion,64,continuous,124,160,0,0,0
202,201,60,{'Description': 'N/A'},10-10,Left or right ear lobe,"Electro-Cap International, Inc.",motion,64,continuous,123,160,0,0,0
203,202,60,{'Description': 'N/A'},10-10,Left or right ear lobe,"Electro-Cap International, Inc.",motion,64,continuous,124,160,0,0,0
204,203,60,{'Description': 'N/A'},10-10,Left or right ear lobe,"Electro-Cap International, Inc.",motion,64,continuous,123,160,0,0,0
205,204,60,{'Description': 'N/A'},10-10,Left or right ear lobe,"Electro-Cap International, Inc.",motion,64,continuous,124,160,0,0,0
206,205,60,{'Description': 'N/A'},10-10,Left or right ear lobe,"Electro-Cap International, Inc.",motion,64,continuous,123,160,0,0,0
207,206,60,{'Description': 'N/A'},10-10,Left or right ear lobe,"Electro-Cap International, Inc.",motion,64,continuous,123,160,0,0,0
208,207,60,{'Description': 'N/A'},10-10,Left or right ear lobe,"Electro-Cap International, Inc.",motion,64,continuous,123,160,0,0,0
209,208,60,{'Description': 'N/A'},10-10,Left or right ear lobe,"Electro-Cap International, Inc.",motion,64,continuous,123,160,0,0,0
210,209,60,{'Description': 'N/A'},10-10,Left or right ear lobe,"Electro-Cap International, Inc.",motion,64,continuous,123,160,0,0,0
211,210,60,{'Description': 'N/A'},10-10,Left or right ear lobe,"Electro-Cap International, Inc.",motion,64,continuous,123,160,0,0,0
212,211,60,{'Description': 'N/A'},10-10,Left or right ear lobe,"Electro-Cap International, Inc.",motion,64,continuous,123,160,0,0,0
213,212,60,{'Description': 'N/A'},10-10,Left or right ear lobe,"Electro-Cap International, Inc.",motion,64,continuous,123,160,0,0,0
214,213,60,{'Description': 'N/A'},10-10,Left or right ear lobe,"Electro-Cap International, Inc.",motion,64,continuous,123,160,0,0,0
215,214,60,{'Description': 'N/A'},10-10,Left or right ear lobe,"Electro-Cap International, Inc.",motion,64,continuous,123,160,0,0,0
216,215,60,{'Description': 'N/A'},10-10,Left or right ear lobe,"Electro-Cap International, Inc.",motion,64,continuous,123,160,0,0,0
217,216,60,{'Description': 'N/A'},10-10,Left or right ear lobe,"Electro-Cap International, Inc.",motion,64,continuous,123,160,0,0,0
218,217,60,{'Description': 'N/A'},10-10,Left or right ear lobe,"Electro-Cap International, Inc.",motion,64,continuous,123,160,0,0,0
219,218,60,{'Description': 'N/A'},10-10,Left or right ear lobe,"Electro-Cap International, Inc.",motion,64,continuous,123,160,0,0,0
220,219,60,{'Description': 'N/A'},10-10,Left or right ear lobe,"Electro-Cap International, Inc.",motion,64,continuous,123,160,0,0,0
221,220,60,{'Description': 'N/A'},10-10,Left or right ear lobe,"Electro-Cap International, Inc.",motion,64,continuous,123,160,0,0,0
222,221,60,{'Description': 'N/A'},10-10,Left or right ear lobe,"Electro-Cap International, Inc.",motion,64,continuous,123,160,0,0,0
223,222,60,{'Description': 'N/A'},10-10,Left or right ear lobe,"Electro-Cap International, Inc.",motion,64,continuous,123,160,0,0,0
224,223,60,{'Description': 'N/A'},10-10,Left or right ear lobe,"Electro-Cap International, Inc.",motion,64,continuous,123,160,0,0,0
225,224,60,{'Description': 'N/A'},10-10,Left or right ear lobe,"Electro-Cap International, Inc.",motion,64,continuous,123,160,0,0,0
226,225,60,{'Description': 'N/A'},10-10,Left or right ear lobe,"Electro-Cap International, Inc.",motion,64,continuous,125,160,0,0,0
227,226,60,{'Description': 'N/A'},10-10,Left or right ear lobe,"Electro-Cap International, Inc.",motion,64,continuous,125,160,0,0,0
228,227,60,{'Description': 'N/A'},10-10,Left or right ear lobe,"Electro-Cap International, Inc.",motion,64,continuous,125,160,0,0,0
229,228,60,{'Description': 'N/A'},10-10,Left or right ear lobe,"Electro-Cap International, Inc.",motion,64,continuous,125,160,0,0,0
230,229,60,{'Description': 'N/A'},10-10,Left or right ear lobe,"Electro-Cap International, Inc.",motion,64,continuous,125,160,0,0,0
231,230,60,{'Description': 'N/A'},10-10,Left or right ear lobe,"Electro-Cap International, Inc.",motion,64,continuous,123,160,0,0,0
232,231,60,{'Description': 'N/A'},10-10,Left or right ear lobe,"Electro-Cap International, Inc.",motion,64,continuous,123,160,0,0,0
233,232,60,{'Description': 'N/A'},10-10,Left or right ear lobe,"Electro-Cap International, Inc.",motion,64,continuous,123,160,0,0,0
234,233,60,{'Description': 'N/A'},10-10,Left or right ear lobe,"Electro-Cap International, Inc.",motion,64,continuous,123,160,0,0,0
235,234,60,{'Description': 'N/A'},10-10,Left or right ear lobe,"Electro-Cap International, Inc.",motion,64,continuous,123,160,0,0,0
236,235,60,{'Description': 'N/A'},10-10,Left or right ear lobe,"Electro-Cap International, Inc.",motion,64,continuous,123,160,0,0,0
237,236,60,{'Description': 'N/A'},10-10,Left or right ear lobe,"Electro-Cap International, Inc.",motion,64,continuous,123,160,0,0,0
238,237,60,{'Description': 'N/A'},10-10,Left or right ear lobe,"Electro-Cap International, Inc.",motion,64,continuous,123,160,0,0,0
239,238,60,{'Description': 'N/A'},10-10,Left or right ear lobe,"Electro-Cap International, Inc.",motion,64,continuous,123,160,0,0,0
240,239,60,{'Description': 'N/A'},10-10,Left or right ear lobe,"Electro-Cap International, Inc.",motion,64,continuous,123,160,0,0,0
241,240,60,{'Description': 'N/A'},10-10,Left or right ear lobe,"Electro-Cap International, Inc.",motion,64,continuous,123,160,0,0,0
242,241,60,{'Description': 'N/A'},10-10,Left or right ear lobe,"Electro-Cap International, Inc.",motion,64,continuous,123,160,0,0,0
243,242,60,{'Description': 'N/A'},10-10,Left or right ear lobe,"Electro-Cap International, Inc.",motion,64,continuous,123,160,0,0,0
244,243,60,{'Description': 'N/A'},10-10,Left or right ear lobe,"Electro-Cap International, Inc.",motion,64,continuous,123,160,0,0,0
245,244,60,{'Description': 'N/A'},10-10,Left or right ear lobe,"Electro-Cap International, Inc.",motion,64,continuous,123,160,0,0,0
246,245,60,{'Description': 'N/A'},10-10,Left or right ear lobe,"Electro-Cap International, Inc.",motion,64,continuous,123,160,0,0,0
247,246,60,{'Description': 'N/A'},10-10,Left or right ear lobe,"Electro-Cap International, Inc.",motion,64,continuous,123,160,0,0,0
248,247,60,{'Description': 'N/A'},10-10,Left or right ear lobe,"Electro-Cap International, Inc.",motion,64,continuous,123,160,0,0,0
249,248,60,{'Description': 'N/A'},10-10,Left or right ear lobe,"Electro-Cap International, Inc.",motion,64,continuous,123,160,0,0,0
250,249,60,{'Description': 'N/A'},10-10,Left or right ear lobe,"Electro-Cap International, Inc.",motion,64,continuous,123,160,0,0,0
251,250,60,{'Description': 'N/A'},10-10,Left or right ear lobe,"Electro-Cap International, Inc.",motion,64,continuous,124,160,0,0,0
252,251,60,{'Description': 'N/A'},10-10,Left or right ear lobe,"Electro-Cap International, Inc.",motion,64,continuous,123,160,0,0,0
253,252,60,{'Description': 'N/A'},10-10,Left or right ear lobe,"Electro-Cap International, Inc.",motion,64,continuous,124,160,0,0,0
254,253,60,{'Description': 'N/A'},10-10,Left or right ear lobe,"Electro-Cap International, Inc.",motion,64,continuous,123,160,0,0,0
255,254,60,{'Description': 'N/A'},10-10,Left or right ear lobe,"Electro-Cap International, Inc.",motion,64,continuous,124,160,0,0,0
256,255,60,{'Description': 'N/A'},10-10,Left or right ear lobe,"Electro-Cap International, Inc.",motion,64,continuous,123,160,0,0,0
257,256,60,{'Description': 'N/A'},10-10,Left or right ear lobe,"Electro-Cap International, Inc.",motion,64,continuous,123,160,0,0,0
258,257,60,{'Description': 'N/A'},10-10,Left or right ear lobe,"Electro-Cap International, Inc.",motion,64,continuous,123,160,0,0,0
259,258,60,{'Description': 'N/A'},10-10,Left or right ear lobe,"Electro-Cap International, Inc.",motion,64,continuous,123,160,0,0,0
260,259,60,{'Description': 'N/A'},10-10,Left or right ear lobe,"Electro-Cap International, Inc.",motion,64,continuous,123,160,0,0,0
261,260,60,{'Description': 'N/A'},10-10,Left or right ear lobe,"Electro-Cap International, Inc.",motion,64,continuous,123,160,0,0,0
262,261,60,{'Description': 'N/A'},10-10,Left or right ear lobe,"Electro-Cap International, Inc.",motion,64,continuous,123,160,0,0,0
263,262,60,{'Description': 'N/A'},10-10,Left or right ear lobe,"Electro-Cap International, Inc.",motion,64,continuous,123,160,0,0,0
264,263,60,{'Description': 'N/A'},10-10,Left or right ear lobe,"Electro-Cap International, Inc.",motion,64,continuous,123,160,0,0,0
265,264,60,{'Description': 'N/A'},10-10,Left or right ear lobe,"Electro-Cap International, Inc.",motion,64,continuous,123,160,0,0,0
266,265,60,{'Description': 'N/A'},10-10,Left or right ear lobe,"Electro-Cap International, Inc.",motion,64,continuous,123,160,0,0,0
267,266,60,{'Description': 'N/A'},10-10,Left or right ear lobe,"Electro-Cap International, Inc.",motion,64,continuous,123,160,0,0,0
268,267,60,{'Description': 'N/A'},10-10,Left or right ear lobe,"Electro-Cap International, Inc.",motion,64,continuous,123,160,0,0,0
269,268,60,{'Description': 'N/A'},10-10,Left or right ear lobe,"Electro-Cap International, Inc.",motion,64,continuous,123,160,0,0,0
270,269,60,{'Description': 'N/A'},10-10,Left or right ear lobe,"Electro-Cap International, Inc.",motion,64,continuous,123,160,0,0,0
271,270,60,{'Description': 'N/A'},10-10,Left or right ear lobe,"Electro-Cap International, Inc.",motion,64,continuous,123,160,0,0,0
272,271,60,{'Description': 'N/A'},10-10,Left or right ear lobe,"Electro-Cap International, Inc.",motion,64,continuous,123,160,0,0,0
273,272,60,{'Description': 'N/A'},10-10,Left or right ear lobe,"Electro-Cap International, Inc.",motion,64,continuous,123,160,0,0,0
274,273,60,{'Description': 'N/A'},10-10,Left or right ear lobe,"Electro-Cap International, Inc.",motion,64,continuous,123,160,0,0,0
275,274,60,{'Description': 'N/A'},10-10,Left or right ear lobe,"Electro-Cap International, Inc.",motion,64,continuous,123,160,0,0,0
276,275,60,{'Description': 'N/A'},10-10,Left or right ear lobe,"Electro-Cap International, Inc.",motion,64,continuous,123,160,0,0,0
277,276,60,{'Description': 'N/A'},10-10,Left or right ear lobe,"Electro-Cap International, Inc.",motion,64,continuous,123,160,0,0,0
278,277,60,{'Description': 'N/A'},10-10,Left or right ear lobe,"Electro-Cap International, Inc.",motion,64,continuous,123,160,0,0,0
279,278,60,{'Description': 'N/A'},10-10,Left or right ear lobe,"Electro-Cap International, Inc.",motion,64,continuous,123,160,0,0,0
280,279,60,{'Description': 'N/A'},10-10,Left or right ear lobe,"Electro-Cap International, Inc.",motion,64,continuous,123,160,0,0,0
281,280,60,{'Description': 'N/A'},10-10,Left or right ear lobe,"Electro-Cap International, Inc.",motion,64,continuous,125,160,0,0,0
282,281,60,{'Description': 'N/A'},10-10,Left or right ear lobe,"Electro-Cap International, Inc.",motion,64,continuous,125,160,0,0,0
283,282,60,{'Description': 'N/A'},10-10,Left or right ear lobe,"Electro-Cap International, Inc.",motion,64,continuous,125,160,0,0,0
284,283,60,{'Description': 'N/A'},10-10,Left or right ear lobe,"Electro-Cap International, Inc.",motion,64,continuous,125,160,0,0,0
285,284,60,{'Description': 'N/A'},10-10,Left or right ear lobe,"Electro-Cap International, Inc.",motion,64,continuous,125,160,0,0,0
286,285,60,{'Description': 'N/A'},10-10,Left or right ear lobe,"Electro-Cap International, Inc.",motion,64,continuous,123,160,0,0,0
287,286,60,{'Description': 'N/A'},10-10,Left or right ear lobe,"Electro-Cap International, Inc.",motion,64,continuous,123,160,0,0,0
288,287,60,{'Description': 'N/A'},10-10,Left or right ear lobe,"Electro-Cap International, Inc.",motion,64,continuous,123,160,0,0,0
289,288,60,{'Description': 'N/A'},10-10,Left or right ear lobe,"Electro-Cap International, Inc.",motion,64,continuous,123,160,0,0,0
290,289,60,{'Description': 'N/A'},10-10,Left or right ear lobe,"Electro-Cap International, Inc.",motion,64,continuous,123,160,0,0,0
291,290,60,{'Description': 'N/A'},10-10,Left or right ear lobe,"Electro-Cap International, Inc.",motion,64,continuous,123,160,0,0,0
292,291,60,{'Description': 'N/A'},10-10,Left or right ear lobe,"Electro-Cap International, Inc.",motion,64,continuous,123,160,0,0,0
293,292,60,{'Description': 'N/A'},10-10,Left or right ear lobe,"Electro-Cap International, Inc.",motion,64,continuous,123,160,0,0,0
294,293,60,{'Description': 'N/A'},10-10,Left or right ear lobe,"Electro-Cap International, Inc.",motion,64,continuous,123,160,0,0,0
295,294,60,{'Description': 'N/A'},10-10,Left or right ear lobe,"Electro-Cap International, Inc.",motion,64,continuous,123,160,0,0,0
296,295,60,{'Description': 'N/A'},10-10,Left or right ear lobe,"Electro-Cap International, Inc.",motion,64,continuous,123,160,0,0,0
297,296,60,{'Description': 'N/A'},10-10,Left or right ear lobe,"Electro-Cap International, Inc.",motion,64,continuous,123,160,0,0,0
298,297,60,{'Description': 'N/A'},10-10,Left or right ear lobe,"Electro-Cap International, Inc.",motion,64,continuous,123,160,0,0,0
299,298,60,{'Description': 'N/A'},10-10,Left or right ear lobe,"Electro-Cap International, Inc.",motion,64,continuous,123,160,0,0,0
300,299,60,{'Description': 'N/A'},10-10,Left or right ear lobe,"Electro-Cap International, Inc.",motion,64,continuous,123,160,0,0,0
301,300,60,{'Description': 'N/A'},10-10,Left or right ear lobe,"Electro-Cap International, Inc.",motion,64,continuous,125,160,0,0,0
302,301,60,{'Description': 'N/A'},10-10,Left or right ear lobe,"Electro-Cap International, Inc.",motion,64,continuous,125,160,0,0,0
303,302,60,{'Description': 'N/A'},10-10,Left or right ear lobe,"Electro-Cap International, Inc.",motion,64,continuous,125,160,0,0,0
304,303,60,{'Description': 'N/A'},10-10,Left or right ear lobe,"Electro-Cap International, Inc.",motion,64,continuous,125,160,0,0,0
305,304,60,{'Description': 'N/A'},10-10,Left or right ear lobe,"Electro-Cap International, Inc.",motion,64,continuous,125,160,0,0,0
306,305,60,{'Description': 'N/A'},10-10,Left or right ear lobe,"Electro-Cap International, Inc.",motion,64,continuous,123,160,0,0,0
307,306,60,{'Description': 'N/A'},10-10,Left or right ear lobe,"Electro-Cap International, Inc.",motion,64,continuous,123,160,0,0,0
308,307,60,{'Description': 'N/A'},10-10,Left or right ear lobe,"Electro-Cap International, Inc.",motion,64,continuous,123,160,0,0,0
309,308,60,{'Description': 'N/A'},10-10,Left or right ear lobe,"Electro-Cap International, Inc.",motion,64,continuous,123,160,0,0,0
310,309,60,{'Description': 'N/A'},10-10,Left or right ear lobe,"Electro-Cap International, Inc.",motion,64,continuous,123,160,0,0,0
311,310,60,{'Description': 'N/A'},10-10,Left or right ear lobe,"Electro-Cap International, Inc.",motion,64,continuous,123,160,0,0,0
312,311,60,{'Description': 'N/A'},10-10,Left or right ear lobe,"Electro-Cap International, Inc.",motion,64,continuous,123,160,0,0,0
313,312,60,{'Description': 'N/A'},10-10,Left or right ear lobe,"Electro-Cap International, Inc.",motion,64,continuous,123,160,0,0,0
314,313,60,{'Description': 'N/A'},10-10,Left or right ear lobe,"Electro-Cap International, Inc.",motion,64,continuous,123,160,0,0,0
315,314,60,{'Description': 'N/A'},10-10,Left or right ear lobe,"Electro-Cap International, Inc.",motion,64,continuous,123,160,0,0,0
316,315,60,{'Description': 'N/A'},10-10,Left or right ear lobe,"Electro-Cap International, Inc.",motion,64,continuous,123,160,0,0,0
317,316,60,{'Description': 'N/A'},10-10,Left or right ear lobe,"Electro-Cap International, Inc.",motion,64,continuous,123,160,0,0,0
318,317,60,{'Description': 'N/A'},10-10,Left or right ear lobe,"Electro-Cap International, Inc.",motion,64,continuous,123,160,0,0,0
319,318,60,{'Description': 'N/A'},10-10,Left or right ear lobe,"Electro-Cap International, Inc.",motion,64,continuous,123,160,0,0,0
320,319,60,{'Description': 'N/A'},10-10,Left or right ear lobe,"Electro-Cap International, Inc.",motion,64,continuous,123,160,0,0,0
321,320,60,{'Description': 'N/A'},10-10,Left or right ear lobe,"Electro-Cap International, Inc.",motion,64,continuous,125,160,0,0,0
322,321,60,{'Description': 'N/A'},10-10,Left or right ear lobe,"Electro-Cap International, Inc.",motion,64,continuous,125,160,0,0,0
323,322,60,{'Description': 'N/A'},10-10,Left or right ear lobe,"Electro-Cap International, Inc.",motion,64,continuous,125,160,0,0,0
324,323,60,{'Description': 'N/A'},10-10,Left or right ear lobe,"Electro-Cap International, Inc.",motion,64,continuous,125,160,0,0,0
325,324,60,{'Description': 'N/A'},10-10,Left or right ear lobe,"Electro-Cap International, Inc.",motion,64,continuous,125,160,0,0,0
326,325,60,{'Description': 'N/A'},10-10,Left or right ear lobe,"Electro-Cap International, Inc.",motion,64,continuous,125,160,0,0,0
327,326,60,{'Description': 'N/A'},10-10,Left or right ear lobe,"Electro-Cap International, Inc.",motion,64,continuous,125,160,0,0,0
328,327,60,{'Description': 'N/A'},10-10,Left or right ear lobe,"Electro-Cap International, Inc.",motion,64,continuous,125,160,0,0,0
329,328,60,{'Description': 'N/A'},10-10,Left or right ear lobe,"Electro-Cap International, Inc.",motion,64,continuous,125,160,0,0,0
330,329,60,{'Description': 'N/A'},10-10,Left or right ear lobe,"Electro-Cap International, Inc.",motion,64,continuous,125,160,0,0,0
331,330,60,{'Description': 'N/A'},10-10,Left or right ear lobe,"Electro-Cap International, Inc.",motion,64,continuous,123,160,0,0,0
332,331,60,{'Description': 'N/A'},10-10,Left or right ear lobe,"Electro-Cap International, Inc.",motion,64,continuous,123,160,0,0,0
333,332,60,{'Description': 'N/A'},10-10,Left or right ear lobe,"Electro-Cap International, Inc.",motion,64,continuous,123,160,0,0,0
334,333,60,{'Description': 'N/A'},10-10,Left or right ear lobe,"Electro-Cap International, Inc.",motion,64,continuous,123,160,0,0,0
335,334,60,{'Description': 'N/A'},10-10,Left or right ear lobe,"Electro-Cap International, Inc.",motion,64,continuous,123,160,0,0,0
336,335,60,{'Description': 'N/A'},10-10,Left or right ear lobe,"Electro-Cap International, Inc.",motion,64,continuous,123,160,0,0,0
337,336,60,{'Description': 'N/A'},10-10,Left or right ear lobe,"Electro-Cap International, Inc.",motion,64,continuous,123,160,0,0,0
338,337,60,{'Description': 'N/A'},10-10,Left or right ear lobe,"Electro-Cap International, Inc.",motion,64,continuous,123,160,0,0,0
339,338,60,{'Description': 'N/A'},10-10,Left or right ear lobe,"Electro-Cap International, Inc.",motion,64,continuous,123,160,0,0,0
340,339,60,{'Description': 'N/A'},10-10,Left or right ear lobe,"Electro-Cap International, Inc.",motion,64,continuous,123,160,0,0,0
341,340,60,{'Description': 'N/A'},10-10,Left or right ear lobe,"Electro-Cap International, Inc.",motion,64,continuous,123,160,0,0,0
342,341,60,{'Description': 'N/A'},10-10,Left or right ear lobe,"Electro-Cap International, Inc.",motion,64,continuous,123,160,0,0,0
343,342,60,{'Description': 'N/A'},10-10,Left or right ear lobe,"Electro-Cap International, Inc.",motion,64,continuous,123,160,0,0,0
344,343,60,{'Description': 'N/A'},10-10,Left or right ear lobe,"Electro-Cap International, Inc.",motion,64,continuous,123,160,0,0,0
345,344,60,{'Description': 'N/A'},10-10,Left or right ear lobe,"Electro-Cap International, Inc.",motion,64,continuous,123,160,0,0,0
346,345,60,{'Description': 'N/A'},10-10,Left or right ear lobe,"Electro-Cap International, Inc.",motion,64,continuous,123,160,0,0,0
347,346,60,{'Description': 'N/A'},10-10,Left or right ear lobe,"Electro-Cap International, Inc.",motion,64,continuous,123,160,0,0,0
348,347,60,{'Description': 'N/A'},10-10,Left or right ear lobe,"Electro-Cap International, Inc.",motion,64,continuous,123,160,0,0,0
349,348,60,{'Description': 'N/A'},10-10,Left or right ear lobe,"Electro-Cap International, Inc.",motion,64,continuous,123,160,0,0,0
350,349,60,{'Description': 'N/A'},10-10,Left or right ear lobe,"Electro-Cap International, Inc.",motion,64,continuous,123,160,0,0,0
351,350,60,{'Description': 'N/A'},10-10,Left or right ear lobe,"Electro-Cap International, Inc.",motion,64,continuous,125,160,0,0,0
352,351,60,{'Description': 'N/A'},10-10,Left or right ear lobe,"Electro-Cap International, Inc.",motion,64,continuous,125,160,0,0,0
353,352,60,{'Description': 'N/A'},10-10,Left or right ear lobe,"Electro-Cap International, Inc.",motion,64,continuous,125,160,0,0,0
354,353,60,{'Description': 'N/A'},10-10,Left or right ear lobe,"Electro-Cap International, Inc.",motion,64,continuous,125,160,0,0,0
355,354,60,{'Description': 'N/A'},10-10,Left or right ear lobe,"Electro-Cap International, Inc.",motion,64,continuous,125,160,0,0,0
356,355,60,{'Description': 'N/A'},10-10,Left or right ear lobe,"Electro-Cap International, Inc.",motion,64,continuous,123,160,0,0,0
357,356,60,{'Description': 'N/A'},10-10,Left or right ear lobe,"Electro-Cap International, Inc.",motion,64,continuous,123,160,0,0,0
358,357,60,{'Description': 'N/A'},10-10,Left or right ear lobe,"Electro-Cap International, Inc.",motion,64,continuous,124,160,0,0,0
359,358,60,{'Description': 'N/A'},10-10,Left or right ear lobe,"Electro-Cap International, Inc.",motion,64,continuous,123,160,0,0,0
360,359,60,{'Description': 'N/A'},10-10,Left or right ear lobe,"Electro-Cap International, Inc.",motion,64,continuous,123,160,0,0,0
361,360,60,{'Description': 'N/A'},10-10,Left or right ear lobe,"Electro-Cap International, Inc.",motion,64,continuous,123,160,0,0,0
362,361,60,{'Description': 'N/A'},10-10,Left or right ear lobe,"Electro-Cap International, Inc.",motion,64,continuous,123,160,0,0,0
363,362,60,{'Description': 'N/A'},10-10,Left or right ear lobe,"Electro-Cap International, Inc.",motion,64,continuous,123,160,0,0,0
364,363,60,{'Description': 'N/A'},10-10,Left or right ear lobe,"Electro-Cap International, Inc.",motion,64,continuous,123,160,0,0,0
365,364,60,{'Description': 'N/A'},10-10,Left or right ear lobe,"Electro-Cap International, Inc.",motion,64,continuous,123,160,0,0,0
366,365,60,{'Description': 'N/A'},10-10,Left or right ear lobe,"Electro-Cap International, Inc.",motion,64,continuous,123,160,0,0,0
367,366,60,{'Description': 'N/A'},10-10,Left or right ear lobe,"Electro-Cap International, Inc.",motion,64,continuous,123,160,0,0,0
368,367,60,{'Description': 'N/A'},10-10,Left or right ear lobe,"Electro-Cap International, Inc.",motion,64,continuous,123,160,0,0,0
369,368,60,{'Description': 'N/A'},10-10,Left or right ear lobe,"Electro-Cap International, Inc.",motion,64,continuous,123,160,0,0,0
370,369,60,{'Description': 'N/A'},10-10,Left or right ear lobe,"Electro-Cap International, Inc.",motion,64,continuous,123,160,0,0,0
371,370,60,{'Description': 'N/A'},10-10,Left or right ear lobe,"Electro-Cap International, Inc.",motion,64,continuous,123,160,0,0,0
372,371,60,{'Description': 'N/A'},10-10,Left or right ear lobe,"Electro-Cap International, Inc.",motion,64,continuous,123,160,0,0,0
373,372,60,{'Description': 'N/A'},10-10,Left or right ear lobe,"Electro-Cap International, Inc.",motion,64,continuous,123,160,0,0,0
374,373,60,{'Description': 'N/A'},10-10,Left or right ear lobe,"Electro-Cap International, Inc.",motion,64,continuous,123,160,0,0,0
375,374,60,{'Description': 'N/A'},10-10,Left or right ear lobe,"Electro-Cap International, Inc.",motion,64,continuous,123,160,0,0,0
376,375,60,{'Description': 'N/A'},10-10,Left or right ear lobe,"Electro-Cap International, Inc.",motion,64,continuous,123,160,0,0,0
377,376,60,{'Description': 'N/A'},10-10,Left or right ear lobe,"Electro-Cap International, Inc.",motion,64,continuous,123,160,0,0,0
378,377,60,{'Description': 'N/A'},10-10,Left or right ear lobe,"Electro-Cap International, Inc.",motion,64,continuous,123,160,0,0,0
379,378,60,{'Description': 'N/A'},10-10,Left or right ear lobe,"Electro-Cap International, Inc.",motion,64,continuous,123,160,0,0,0
380,379,60,{'Description': 'N/A'},10-10,Left or right ear lobe,"Electro-Cap International, Inc.",motion,64,continuous,123,160,0,0,0
381,380,60,{'Description': 'N/A'},10-10,Left or right ear lobe,"Electro-Cap International, Inc.",motion,64,continuous,123,160,0,0,0
382,381,60,{'Description': 'N/A'},10-10,Left or right ear lobe,"Electro-Cap International, Inc.",motion,64,continuous,123,160,0,0,0
383,382,60,{'Description': 'N/A'},10-10,Left or right ear lobe,"Electro-Cap International, Inc.",motion,64,continuous,123,160,0,0,0
384,383,60,{'Description': 'N/A'},10-10,Left or right ear lobe,"Electro-Cap International, Inc.",motion,64,continuous,123,160,0,0,0
385,384,60,{'Description': 'N/A'},10-10,Left or right ear lobe,"Electro-Cap International, Inc.",motion,64,continuous,123,160,0,0,0
386,385,60,{'Description': 'N/A'},10-10,Left or right ear lobe,"Electro-Cap International, Inc.",motion,64,continuous,123,160,0,0,0
387,386,60,{'Description': 'N/A'},10-10,Left or right ear lobe,"Electro-Cap International, Inc.",motion,64,continuous,123,160,0,0,0
388,387,60,{'Description': 'N/A'},10-10,Left or right ear lobe,"Electro-Cap International, Inc.",motion,64,continuous,123,160,0,0,0
389,388,60,{'Description': 'N/A'},10-10,Left or right ear lobe,"Electro-Cap International, Inc.",motion,64,continuous,123,160,0,0,0
390,389,60,{'Description': 'N/A'},10-10,Left or right ear lobe,"Electro-Cap International, Inc.",motion,64,continuous,123,160,0,0,0
391,390,60,{'Description': 'N/A'},10-10,Left or right ear lobe,"Electro-Cap International, Inc.",motion,64,continuous,125,160,0,0,0
392,391,60,{'Description': 'N/A'},10-10,Left or right ear lobe,"Electro-Cap International, Inc.",motion,64,continuous,125,160,0,0,0
393,392,60,{'Description': 'N/A'},10-10,Left or right ear lobe,"Electro-Cap International, Inc.",motion,64,continuous,125,160,0,0,0
394,393,60,{'Description': 'N/A'},10-10,Left or right ear lobe,"Electro-Cap International, Inc.",motion,64,continuous,125,160,0,0,0
395,394,60,{'Description': 'N/A'},10-10,Left or right ear lobe,"Electro-Cap International, Inc.",motion,64,continuous,125,160,0,0,0
396,395,60,{'Description': 'N/A'},10-10,Left or right ear lobe,"Electro-Cap International, Inc.",motion,64,continuous,123,160,0,0,0
397,396,60,{'Description': 'N/A'},10-10,Left or right ear lobe,"Electro-Cap International, Inc.",motion,64,continuous,123,160,0,0,0
398,397,60,{'Description': 'N/A'},10-10,Left or right ear lobe,"Electro-Cap International, Inc.",motion,64,continuous,123,160,0,0,0
399,398,60,{'Description': 'N/A'},10-10,Left or right ear lobe,"Electro-Cap International, Inc.",motion,64,continuous,123,160,0,0,0
400,399,60,{'Description': 'N/A'},10-10,Left or right ear lobe,"Electro-Cap International, Inc.",motion,64,continuous,123,160,0,0,0
401,400,60,{'Description': 'N/A'},10-10,Left or right ear lobe,"Electro-Cap International, Inc.",motion,64,continuous,123,160,0,0,0
402,401,60,{'Description': 'N/A'},10-10,Left or right ear lobe,"Electro-Cap International, Inc.",motion,64,continuous,123,160,0,0,0
403,402,60,{'Description': 'N/A'},10-10,Left or right ear lobe,"Electro-Cap International, Inc.",motion,64,continuous,123,160,0,0,0
404,403,60,{'Description': 'N/A'},10-10,Left or right ear lobe,"Electro-Cap International, Inc.",motion,64,continuous,123,160,0,0,0
405,404,60,{'Description': 'N/A'},10-10,Left or right ear lobe,"Electro-Cap International, Inc.",motion,64,continuous,123,160,0,0,0
406,405,60,{'Description': 'N/A'},10-10,Left or right ear lobe,"Electro-Cap International, Inc.",motion,64,continuous,123,160,0,0,0
407,406,60,{'Description': 'N/A'},10-10,Left or right ear lobe,"Electro-Cap International, Inc.",motion,64,continuous,123,160,0,0,0
408,407,60,{'Description': 'N/A'},10-10,Left or right ear lobe,"Electro-Cap International, Inc.",motion,64,continuous,123,160,0,0,0
409,408,60,{'Description': 'N/A'},10-10,Left or right ear lobe,"Electro-Cap International, Inc.",motion,64,continuous,123,160,0,0,0
410,409,60,{'Description': 'N/A'},10-10,Left or right ear lobe,"Electro-Cap International, Inc.",motion,64,continuous,123,160,0,0,0
411,410,60,{'Description': 'N/A'},10-10,Left or right ear lobe,"Electro-Cap International, Inc.",motion,64,continuous,125,160,0,0,0
412,411,60,{'Description': 'N/A'},10-10,Left or right ear lobe,"Electro-Cap International, Inc.",motion,64,continuous,125,160,0,0,0
413,412,60,{'Description': 'N/A'},10-10,Left or right ear lobe,"Electro-Cap International, Inc.",motion,64,continuous,125,160,0,0,0
414,413,60,{'Description': 'N/A'},10-10,Left or right ear lobe,"Electro-Cap International, Inc.",motion,64,continuous,125,160,0,0,0
415,414,60,{'Description': 'N/A'},10-10,Left or right ear lobe,"Electro-Cap International, Inc.",motion,64,continuous,125,160,0,0,0
416,415,60,{'Description': 'N/A'},10-10,Left or right ear lobe,"Electro-Cap International, Inc.",motion,64,continuous,123,160,0,0,0
417,416,60,{'Description': 'N/A'},10-10,Left or right ear lobe,"Electro-Cap International, Inc.",motion,64,continuous,123,160,0,0,0
418,417,60,{'Description': 'N/A'},10-10,Left or right ear lobe,"Electro-Cap International, Inc.",motion,64,continuous,123,160,0,0,0
419,418,60,{'Description': 'N/A'},10-10,Left or right ear lobe,"Electro-Cap International, Inc.",motion,64,continuous,123,160,0,0,0
420,419,60,{'Description': 'N/A'},10-10,Left or right ear lobe,"Electro-Cap International, Inc.",motion,64,continuous,123,160,0,0,0
421,420,60,{'Description': 'N/A'},10-10,Left or right ear lobe,"Electro-Cap International, Inc.",motion,64,continuous,123,160,0,0,0
422,421,60,{'Description': 'N/A'},10-10,Left or right ear lobe,"Electro-Cap International, Inc.",motion,64,continuous,123,160,0,0,0
423,422,60,{'Description': 'N/A'},10-10,Left or right ear lobe,"Electro-Cap International, Inc.",motion,64,continuous,123,160,0,0,0
424,423,60,{'Description': 'N/A'},10-10,Left or right ear lobe,"Electro-Cap International, Inc.",motion,64,continuous,123,160,0,0,0
425,424,60,{'Description': 'N/A'},10-10,Left or right ear lobe,"Electro-Cap International, Inc.",motion,64,continuous,123,160,0,0,0
426,425,60,{'Description': 'N/A'},10-10,Left or right ear lobe,"Electro-Cap International, Inc.",motion,64,continuous,125,160,0,0,0
427,426,60,{'Description': 'N/A'},10-10,Left or right ear lobe,"Electro-Cap International, Inc.",motion,64,continuous,125,160,0,0,0
428,427,60,{'Description': 'N/A'},10-10,Left or right ear lobe,"Electro-Cap International, Inc.",motion,64,continuous,125,160,0,0,0
429,428,60,{'Description': 'N/A'},10-10,Left or right ear lobe,"Electro-Cap International, Inc.",motion,64,continuous,125,160,0,0,0
430,429,60,{'Description': 'N/A'},10-10,Left or right ear lobe,"Electro-Cap International, Inc.",motion,64,continuous,125,160,0,0,0
431,430,60,{'Description': 'N/A'},10-10,Left or right ear lobe,"Electro-Cap International, Inc.",motion,64,continuous,123,160,0,0,0
432,431,60,{'Description': 'N/A'},10-10,Left or right ear lobe,"Electro-Cap International, Inc.",motion,64,continuous,123,160,0,0,0
433,432,60,{'Description': 'N/A'},10-10,Left or right ear lobe,"Electro-Cap International, Inc.",motion,64,continuous,123,160,0,0,0
434,433,60,{'Description': 'N/A'},10-10,Left or right ear lobe,"Electro-Cap International, Inc.",motion,64,continuous,123,160,0,0,0
435,434,60,{'Description': 'N/A'},10-10,Left or right ear lobe,"Electro-Cap International, Inc.",motion,64,continuous,123,160,0,0,0
436,435,60,{'Description': 'N/A'},10-10,Left or right ear lobe,"Electro-Cap International, Inc.",motion,64,continuous,124,128,0,0,0
437,436,60,{'Description': 'N/A'},10-10,Left or right ear lobe,"Electro-Cap International, Inc.",motion,64,continuous,124,128,0,0,0
438,437,60,{'Description': 'N/A'},10-10,Left or right ear lobe,"Electro-Cap International, Inc.",motion,64,continuous,124,128,0,0,0
439,438,60,{'Description': 'N/A'},10-10,Left or right ear lobe,"Electro-Cap International, Inc.",motion,64,continuous,124,128,0,0,0
440,439,60,{'Description': 'N/A'},10-10,Left or right ear lobe,"Electro-Cap International, Inc.",motion,64,continuous,124,128,0,0,0
441,440,60,{'Description': 'N/A'},10-10,Left or right ear lobe,"Electro-Cap International, Inc.",motion,64,continuous,123,160,0,0,0
442,441,60,{'Description': 'N/A'},10-10,Left or right ear lobe,"Electro-Cap International, Inc.",motion,64,continuous,123,160,0,0,0
443,442,60,{'Description': 'N/A'},10-10,Left or right ear lobe,"Electro-Cap International, Inc.",motion,64,continuous,123,160,0,0,0
444,443,60,{'Description': 'N/A'},10-10,Left or right ear lobe,"Electro-Cap International, Inc.",motion,64,continuous,123,160,0,0,0
445,444,60,{'Description': 'N/A'},10-10,Left or right ear lobe,"Electro-Cap International, Inc.",motion,64,continuous,123,160,0,0,0
446,445,60,{'Description': 'N/A'},10-10,Left or right ear lobe,"Electro-Cap International, Inc.",motion,64,continuous,123,160,0,0,0
447,446,60,{'Description': 'N/A'},10-10,Left or right ear lobe,"Electro-Cap International, Inc.",motion,64,continuous,123,160,0,0,0
448,447,60,{'Description': 'N/A'},10-10,Left or right ear lobe,"Electro-Cap International, Inc.",motion,64,continuous,123,160,0,0,0
449,448,60,{'Description': 'N/A'},10-10,Left or right ear lobe,"Electro-Cap International, Inc.",motion,64,continuous,123,160,0,0,0
450,449,60,{'Description': 'N/A'},10-10,Left or right ear lobe,"Electro-Cap International, Inc.",motion,64,continuous,123,160,0,0,0
451,450,60,{'Description': 'N/A'},10-10,Left or right ear lobe,"Electro-Cap International, Inc.",motion,64,continuous,123,160,0,0,0
452,451,60,{'Description': 'N/A'},10-10,Left or right ear lobe,"Electro-Cap International, Inc.",motion,64,continuous,123,160,0,0,0
453,452,60,{'Description': 'N/A'},10-10,Left or right ear lobe,"Electro-Cap International, Inc.",motion,64,continuous,123,160,0,0,0
454,453,60,{'Description': 'N/A'},10-10,Left or right ear lobe,"Electro-Cap International, Inc.",motion,64,continuous,123,160,0,0,0
455,454,60,{'Description': 'N/A'},10-10,Left or right ear lobe,"Electro-Cap International, Inc.",motion,64,continuous,123,160,0,0,0
456,455,60,{'Description': 'N/A'},10-10,Left or right ear lobe,"Electro-Cap International, Inc.",motion,64,continuous,124,128,0,0,0
457,456,60,{'Description': 'N/A'},10-10,Left or right ear lobe,"Electro-Cap International, Inc.",motion,64,continuous,124,128,0,0,0
458,457,60,{'Description': 'N/A'},10-10,Left or right ear lobe,"Electro-Cap International, Inc.",motion,64,continuous,124,128,0,0,0
459,458,60,{'Description': 'N/A'},10-10,Left or right ear lobe,"Electro-Cap International, Inc.",motion,64,continuous,124,128,0,0,0
460,459,60,{'Description': 'N/A'},10-10,Left or right ear lobe,"Electro-Cap International, Inc.",motion,64,continuous,124,128,0,0,0
461,460,60,{'Description': 'N/A'},10-10,Left or right ear lobe,"Electro-Cap International, Inc.",motion,64,continuous,123,160,0,0,0
462,461,60,{'Description': 'N/A'},10-10,Left or right ear lobe,"Electro-Cap International, Inc.",motion,64,continuous,123,160,0,0,0
463,462,60,{'Description': 'N/A'},10-10,Left or right ear lobe,"Electro-Cap International, Inc.",motion,64,continuous,123,160,0,0,0
464,463,60,{'Description': 'N/A'},10-10,Left or right ear lobe,"Electro-Cap International, Inc.",motion,64,continuous,123,160,0,0,0
465,464,60,{'Description': 'N/A'},10-10,Left or right ear lobe,"Electro-Cap International, Inc.",motion,64,continuous,123,160,0,0,0
466,465,60,{'Description': 'N/A'},10-10,Left or right ear lobe,"Electro-Cap International, Inc.",motion,64,continuous,123,160,0,0,0
467,466,60,{'Description': 'N/A'},10-10,Left or right ear lobe,"Electro-Cap International, Inc.",motion,64,continuous,123,160,0,0,0
468,467,60,{'Description': 'N/A'},10-10,Left or right ear lobe,"Electro-Cap International, Inc.",motion,64,continuous,123,160,0,0,0
469,468,60,{'Description': 'N/A'},10-10,Left or right ear lobe,"Electro-Cap International, Inc.",motion,64,continuous,123,160,0,0,0
470,469,60,{'Description': 'N/A'},10-10,Left or right ear lobe,"Electro-Cap International, Inc.",motion,64,continuous,123,160,0,0,0
471,470,60,{'Description': 'N/A'},10-10,Left or right ear lobe,"Electro-Cap International, Inc.",motion,64,continuous,125,160,0,0,0
472,471,60,{'Description': 'N/A'},10-10,Left or right ear lobe,"Electro-Cap International, Inc.",motion,64,continuous,125,160,0,0,0
473,472,60,{'Description': 'N/A'},10-10,Left or right ear lobe,"Electro-Cap International, Inc.",motion,64,continuous,125,160,0,0,0
474,473,60,{'Description': 'N/A'},10-10,Left or right ear lobe,"Electro-Cap International, Inc.",motion,64,continuous,125,160,0,0,0
475,474,60,{'Description': 'N/A'},10-10,Left or right ear lobe,"Electro-Cap International, Inc.",motion,64,continuous,125,160,0,0,0
476,475,60,{'Description': 'N/A'},10-10,Left or right ear lobe,"Electro-Cap International, Inc.",motion,64,continuous,125,160,0,0,0
477,476,60,{'Description': 'N/A'},10-10,Left or right ear lobe,"Electro-Cap International, Inc.",motion,64,continuous,125,160,0,0,0
478,477,60,{'Description': 'N/A'},10-10,Left or right ear lobe,"Electro-Cap International, Inc.",motion,64,continuous,125,160,0,0,0
479,478,60,{'Description': 'N/A'},10-10,Left or right ear lobe,"Electro-Cap International, Inc.",motion,64,continuous,125,160,0,0,0
480,479,60,{'Description': 'N/A'},10-10,Left or right ear lobe,"Electro-Cap International, Inc.",motion,64,continuous,125,160,0,0,0
481,480,60,{'Description': 'N/A'},10-10,Left or right ear lobe,"Electro-Cap International, Inc.",motion,64,continuous,123,160,0,0,0
482,481,60,{'Description': 'N/A'},10-10,Left or right ear lobe,"Electro-Cap International, Inc.",motion,64,continuous,123,160,0,0,0
483,482,60,{'Description': 'N/A'},10-10,Left or right ear lobe,"Electro-Cap International, Inc.",motion,64,continuous,123,160,0,0,0
484,483,60,{'Description': 'N/A'},10-10,Left or right ear lobe,"Electro-Cap International, Inc.",motion,64,continuous,123,160,0,0,0
485,484,60,{'Description': 'N/A'},10-10,Left or right ear lobe,"Electro-Cap International, Inc.",motion,64,continuous,123,160,0,0,0
486,485,60,{'Description': 'N/A'},10-10,Left or right ear lobe,"Electro-Cap International, Inc.",motion,64,continuous,123,160,0,0,0
487,486,60,{'Description': 'N/A'},10-10,Left or right ear lobe,"Electro-Cap International, Inc.",motion,64,continuous,123,160,0,0,0
488,487,60,{'Description': 'N/A'},10-10,Left or right ear lobe,"Electro-Cap International, Inc.",motion,64,continuous,123,160,0,0,0
489,488,60,{'Description': 'N/A'},10-10,Left or right ear lobe,"Electro-Cap International, Inc.",motion,64,continuous,123,160,0,0,0
490,489,60,{'Description': 'N/A'},10-10,Left or right ear lobe,"Electro-Cap International, Inc.",motion,64,continuous,123,160,0,0,0
491,490,60,{'Description': 'N/A'},10-10,Left or right ear lobe,"Electro-Cap International, Inc.",motion,64,continuous,123,160,0,0,0
492,491,60,{'Description': 'N/A'},10-10,Left or right ear lobe,"Electro-Cap International, Inc.",motion,64,continuous,123,160,0,0,0
493,492,60,{'Description': 'N/A'},10-10,Left or right ear lobe,"Electro-Cap International, Inc.",motion,64,continuous,123,160,0,0,0
494,493,60,{'Description': 'N/A'},10-10,Left or right ear lobe,"Electro-Cap International, Inc.",motion,64,continuous,123,160,0,0,0
495,494,60,{'Description': 'N/A'},10-10,Left or right ear lobe,"Electro-Cap International, Inc.",motion,64,continuous,123,160,0,0,0
496,495,60,{'Description': 'N/A'},10-10,Left or right ear lobe,"Electro-Cap International, Inc.",motion,64,continuous,123,128,0,0,0
497,496,60,{'Description': 'N/A'},10-10,Left or right ear lobe,"Electro-Cap International, Inc.",motion,64,continuous,123,128,0,0,0
498,497,60,{'Description': 'N/A'},10-10,Left or right ear lobe,"Electro-Cap International, Inc.",motion,64,continuous,123,128,0,0,0
499,498,60,{'Description': 'N/A'},10-10,Left or right ear lobe,"Electro-Cap International, Inc.",motion,64,continuous,123,128,0,0,0
500,499,60,{'Description': 'N/A'},10-10,Left or right ear lobe,"Electro-Cap International, Inc.",motion,64,continuous,123,128,0,0,0
501,500,60,{'Description': 'N/A'},10-10,Left or right ear lobe,"Electro-Cap International, Inc.",motion,64,continuous,125,160,0,0,0
502,501,60,{'Description': 'N/A'},10-10,Left or right ear lobe,"Electro-Cap International, Inc.",motion,64,continuous,125,160,0,0,0
503,502,60,{'Description': 'N/A'},10-10,Left or right ear lobe,"Electro-Cap International, Inc.",motion,64,continuous,125,160,0,0,0
504,503,60,{'Description': 'N/A'},10-10,Left or right ear lobe,"Electro-Cap International, Inc.",motion,64,continuous,125,160,0,0,0
505,504,60,{'Description': 'N/A'},10-10,Left or right ear lobe,"Electro-Cap International, Inc.",motion,64,continuous,125,160,0,0,0
506,505,60,{'Description': 'N/A'},10-10,Left or right ear lobe,"Electro-Cap International, Inc.",motion,64,continuous,123,160,0,0,0
507,506,60,{'Description': 'N/A'},10-10,Left or right ear lobe,"Electro-Cap International, Inc.",motion,64,continuous,123,160,0,0,0
508,507,60,{'Description': 'N/A'},10-10,Left or right ear lobe,"Electro-Cap International, Inc.",motion,64,continuous,123,160,0,0,0
509,508,60,{'Description': 'N/A'},10-10,Left or right ear lobe,"Electro-Cap International, Inc.",motion,64,continuous,123,160,0,0,0
510,509,60,{'Description': 'N/A'},10-10,Left or right ear lobe,"Electro-Cap International, Inc.",motion,64,continuous,124,160,0,0,0
511,510,60,{'Description': 'N/A'},10-10,Left or right ear lobe,"Electro-Cap International, Inc.",motion,64,continuous,125,160,0,0,0
512,511,60,{'Description': 'N/A'},10-10,Left or right ear lobe,"Electro-Cap International, Inc.",motion,64,continuous,125,160,0,0,0
513,512,60,{'Description': 'N/A'},10-10,Left or right ear lobe,"Electro-Cap International, Inc.",motion,64,continuous,125,160,0,0,0
514,513,60,{'Description': 'N/A'},10-10,Left or right ear lobe,"Electro-Cap International, Inc.",motion,64,continuous,125,160,0,0,0
515,514,60,{'Description': 'N/A'},10-10,Left or right ear lobe,"Electro-Cap International, Inc.",motion,64,continuous,125,160,0,0,0
516,515,60,{'Description': 'N/A'},10-10,Left or right ear lobe,"Electro-Cap International, Inc.",motion,64,continuous,123,160,0,0,0
517,516,60,{'Description': 'N/A'},10-10,Left or right ear lobe,"Electro-Cap International, Inc.",motion,64,continuous,123,160,0,0,0
518,517,60,{'Description': 'N/A'},10-10,Left or right ear lobe,"Electro-Cap International, Inc.",motion,64,continuous,123,160,0,0,0
519,518,60,{'Description': 'N/A'},10-10,Left or right ear lobe,"Electro-Cap International, Inc.",motion,64,continuous,123,160,0,0,0
520,519,60,{'Description': 'N/A'},10-10,Left or right ear lobe,"Electro-Cap International, Inc.",motion,64,continuous,123,160,0,0,0
521,520,60,{'Description': 'N/A'},10-10,Left or right ear lobe,"Electro-Cap International, Inc.",motion,64,continuous,123,160,0,0,0
522,521,60,{'Description': 'N/A'},10-10,Left or right ear lobe,"Electro-Cap International, Inc.",motion,64,continuous,123,160,0,0,0
523,522,60,{'Description': 'N/A'},10-10,Left or right ear lobe,"Electro-Cap International, Inc.",motion,64,continuous,123,160,0,0,0
524,523,60,{'Description': 'N/A'},10-10,Left or right ear lobe,"Electro-Cap International, Inc.",motion,64,continuous,123,160,0,0,0
525,524,60,{'Description': 'N/A'},10-10,Left or right ear lobe,"Electro-Cap International, Inc.",motion,64,continuous,123,160,0,0,0
526,525,60,{'Description': 'N/A'},10-10,Left or right ear lobe,"Electro-Cap International, Inc.",motion,64,continuous,125,160,0,0,0
527,526,60,{'Description': 'N/A'},10-10,Left or right ear lobe,"Electro-Cap International, Inc.",motion,64,continuous,125,160,0,0,0
528,527,60,{'Description': 'N/A'},10-10,Left or right ear lobe,"Electro-Cap International, Inc.",motion,64,continuous,125,160,0,0,0
529,528,60,{'Description': 'N/A'},10-10,Left or right ear lobe,"Electro-Cap International, Inc.",motion,64,continuous,125,160,0,0,0
530,529,60,{'Description': 'N/A'},10-10,Left or right ear lobe,"Electro-Cap International, Inc.",motion,64,continuous,125,160,0,0,0
531,530,60,{'Description': 'N/A'},10-10,Left or right ear lobe,"Electro-Cap International, Inc.",motion,64,continuous,125,160,0,0,0
532,531,60,{'Description': 'N/A'},10-10,Left or right ear lobe,"Electro-Cap International, Inc.",motion,64,continuous,125,160,0,0,0
533,532,60,{'Description': 'N/A'},10-10,Left or right ear lobe,"Electro-Cap International, Inc.",motion,64,continuous,125,160,0,0,0
534,533,60,{'Description': 'N/A'},10-10,Left or right ear lobe,"Electro-Cap International, Inc.",motion,64,continuous,125,160,0,0,0
535,534,60,{'Description': 'N/A'},10-10,Left or right ear lobe,"Electro-Cap International, Inc.",motion,64,continuous,125,160,0,0,0
536,535,60,{'Description': 'N/A'},10-10,Left or right ear lobe,"Electro-Cap International, Inc.",motion,64,continuous,123,160,0,0,0
537,536,60,{'Description': 'N/A'},10-10,Left or right ear lobe,"Electro-Cap International, Inc.",motion,64,continuous,123,160,0,0,0
538,537,60,{'Description': 'N/A'},10-10,Left or right ear lobe,"Electro-Cap International, Inc.",motion,64,continuous,123,160,0,0,0
539,538,60,{'Description': 'N/A'},10-10,Left or right ear lobe,"Electro-Cap International, Inc.",motion,64,continuous,123,160,0,0,0
540,539,60,{'Description': 'N/A'},10-10,Left or right ear lobe,"Electro-Cap International, Inc.",motion,64,continuous,123,160,0,0,0
541,540,60,{'Description': 'N/A'},10-10,Left or right ear lobe,"Electro-Cap International, Inc.",motion,64,continuous,123,160,0,0,0
542,541,60,{'Description': 'N/A'},10-10,Left or right ear lobe,"Electro-Cap International, Inc.",motion,64,continuous,123,160,0,0,0
543,542,60,{'Description': 'N/A'},10-10,Left or right ear lobe,"Electro-Cap International, Inc.",motion,64,continuous,123,160,0,0,0
544,543,60,{'Description': 'N/A'},10-10,Left or right ear lobe,"Electro-Cap International, Inc.",motion,64,continuous,123,160,0,0,0
545,544,60,{'Description': 'N/A'},10-10,Left or right ear lobe,"Electro-Cap International, Inc.",motion,64,continuous,123,160,0,0,0
